<code_scheme name="Pretty" version="173">
  <option name="AUTODETECT_INDENTS" value="false" />
  <option name="RIGHT_MARGIN" value="100" />
  <option name="WRAP_LONG_LINES" value="true" />
  <option name="SOFT_MARGINS" value="100" />
  <JavaCodeStyleSettings>
    <option name="ANNOTATION_PARAMETER_WRAP" value="5" />
    <option name="ENUM_FIELD_ANNOTATION_WRAP" value="5" />
    <option name="ALIGN_MULTILINE_ANNOTATION_PARAMETERS" value="true" />
    <option name="NEW_LINE_AFTER_LPAREN_IN_ANNOTATION" value="true" />
    <option name="RPAREN_ON_NEW_LINE_IN_ANNOTATION" value="true" />
    <option name="PRESERVE_MODULE_IMPORTS" value="false" />
    <option name="DELETE_UNUSED_MODULE_IMPORTS" value="true" />
    <option name="INSERT_INNER_CLASS_IMPORTS" value="true" />
    <option name="CLASS_COUNT_TO_USE_IMPORT_ON_DEMAND" value="999" />
    <option name="NAMES_COUNT_TO_USE_IMPORT_ON_DEMAND" value="999" />
    <option name="PACKAGES_TO_USE_IMPORT_ON_DEMAND">
      <value />
    </option>
    <option name="IMPORT_LAYOUT_TABLE">
      <value>
        <emptyLine />
        <package name="" withSubpackages="true" static="true" />
        <emptyLine />
        <package name="java" withSubpackages="true" static="false" />
        <package name="javax" withSubpackages="true" static="false" />
        <emptyLine />
        <package name="org" withSubpackages="true" static="false" />
        <emptyLine />
        <package name="com.astrapay.promotion" withSubpackages="true" static="false" />
        <emptyLine />
        <package name="lombok" withSubpackages="true" static="false" />
        <emptyLine />
        <package name="" withSubpackages="true" static="false" />
      </value>
    </option>
    <option name="RECORD_COMPONENTS_WRAP" value="5" />
    <option name="ALIGN_MULTILINE_RECORDS" value="false" />
    <option name="NEW_LINE_AFTER_LPAREN_IN_RECORD_HEADER" value="true" />
    <option name="RPAREN_ON_NEW_LINE_IN_RECORD_HEADER" value="true" />
  </JavaCodeStyleSettings>
  <codeStyleSettings language="JAVA">
    <option name="RIGHT_MARGIN" value="100" />
    <option name="LINE_COMMENT_AT_FIRST_COLUMN" value="false" />
    <option name="BLOCK_COMMENT_AT_FIRST_COLUMN" value="false" />
    <option name="LINE_COMMENT_ADD_SPACE" value="true" />
    <option name="LINE_COMMENT_ADD_SPACE_ON_REFORMAT" value="true" />
    <option name="KEEP_LINE_BREAKS" value="false" />
    <option name="KEEP_FIRST_COLUMN_COMMENT" value="false" />
    <option name="KEEP_CONTROL_STATEMENT_IN_ONE_LINE" value="false" />
    <option name="KEEP_BLANK_LINES_IN_CODE" value="1" />
    <option name="BLANK_LINES_AFTER_CLASS_HEADER" value="1" />
    <option name="ALIGN_MULTILINE_PARAMETERS_IN_CALLS" value="true" />
    <option name="ALIGN_MULTILINE_RESOURCES" value="false" />
    <option name="ALIGN_MULTILINE_FOR" value="false" />
    <option name="ALIGN_THROWS_KEYWORD" value="true" />
    <option name="ALIGN_MULTILINE_EXTENDS_LIST" value="true" />
    <option name="CALL_PARAMETERS_WRAP" value="5" />
    <option name="CALL_PARAMETERS_LPAREN_ON_NEXT_LINE" value="true" />
    <option name="CALL_PARAMETERS_RPAREN_ON_NEXT_LINE" value="true" />
    <option name="METHOD_PARAMETERS_WRAP" value="5" />
    <option name="METHOD_PARAMETERS_LPAREN_ON_NEXT_LINE" value="true" />
    <option name="METHOD_PARAMETERS_RPAREN_ON_NEXT_LINE" value="true" />
    <option name="RESOURCE_LIST_LPAREN_ON_NEXT_LINE" value="true" />
    <option name="RESOURCE_LIST_RPAREN_ON_NEXT_LINE" value="true" />
    <option name="EXTENDS_LIST_WRAP" value="5" />
    <option name="THROWS_LIST_WRAP" value="5" />
    <option name="EXTENDS_KEYWORD_WRAP" value="1" />
    <option name="THROWS_KEYWORD_WRAP" value="2" />
    <option name="METHOD_CALL_CHAIN_WRAP" value="5" />
    <option name="PARENTHESES_EXPRESSION_LPAREN_WRAP" value="true" />
    <option name="PARENTHESES_EXPRESSION_RPAREN_WRAP" value="true" />
    <option name="BINARY_OPERATION_WRAP" value="1" />
    <option name="BINARY_OPERATION_SIGN_ON_NEXT_LINE" value="true" />
    <option name="TERNARY_OPERATION_WRAP" value="5" />
    <option name="TERNARY_OPERATION_SIGNS_ON_NEXT_LINE" value="true" />
    <option name="FOR_STATEMENT_WRAP" value="5" />
    <option name="FOR_STATEMENT_LPAREN_ON_NEXT_LINE" value="true" />
    <option name="FOR_STATEMENT_RPAREN_ON_NEXT_LINE" value="true" />
    <option name="ARRAY_INITIALIZER_WRAP" value="5" />
    <option name="ARRAY_INITIALIZER_LBRACE_ON_NEXT_LINE" value="true" />
    <option name="ARRAY_INITIALIZER_RBRACE_ON_NEXT_LINE" value="true" />
    <option name="WRAP_COMMENTS" value="true" />
    <option name="IF_BRACE_FORCE" value="3" />
    <option name="DOWHILE_BRACE_FORCE" value="3" />
    <option name="WHILE_BRACE_FORCE" value="3" />
    <option name="FOR_BRACE_FORCE" value="3" />
    <option name="WRAP_LONG_LINES" value="true" />
    <option name="PARAMETER_ANNOTATION_WRAP" value="5" />
    <option name="VARIABLE_ANNOTATION_WRAP" value="5" />
    <option name="ENUM_CONSTANTS_WRAP" value="2" />
    <option name="WRAP_ON_TYPING" value="0" />
    <option name="SOFT_MARGINS" value="100" />
    <indentOptions>
      <option name="CONTINUATION_INDENT_SIZE" value="4" />
    </indentOptions>
  </codeStyleSettings>
</code_scheme>