<application>
  <component name="FindSettings">
    <option name="customScope" value="All Places" />
    <option name="defaultScopeName" value="All Places" />
    <option name="SEARCH_SCOPE" value="All Places" />
    <option name="FILE_MASK" value="*.java" />
    <mask>*.css</mask>
    <mask>*.html</mask>
    <mask>*.xml</mask>
    <mask>*.jsp</mask>
    <mask>*.properties</mask>
    <mask>*.kts</mask>
    <mask>*.kt</mask>
    <mask>*.java, *.sql</mask>
    <mask>*Controller.java, *.groovy</mask>
    <mask>*.java, *.groovy</mask>
    <mask>*.groovy</mask>
    <mask>*.java</mask>
  </component>
</application>