<application>
  <component name="FindSettings">
    <option name="customScope" value="All Places" />
    <option name="defaultScopeName" value="All Places" />
    <option name="localCaseSensitive" value="true" />
    <option name="localWholeWordsOnly" value="true" />
    <option name="LOCAL_CASE_SENSITIVE_SEARCH" value="true" />
    <option name="LOCAL_WHOLE_WORDS_ONLY" value="true" />
    <option name="SEARCH_SCOPE" value="All Places" />
    <mask>*.css</mask>
    <mask>*.html</mask>
    <mask>*.xml</mask>
    <mask>*.jsp</mask>
    <mask>*.properties</mask>
    <mask>*.kts</mask>
    <mask>*.kt</mask>
    <mask>*.java, *.sql</mask>
    <mask>*Controller.java, *.groovy</mask>
    <mask>*.java, *.groovy</mask>
    <mask>*.groovy</mask>
    <mask>*Repository.java</mask>
    <mask>*.java</mask>
  </component>
</application>