<application>
  <component name="NodeJsLocalInterpreterManager">
    <local-interpreter path="/opt/homebrew/bin/node" />
    <local-interpreter path="$USER_HOME$/.nvm/versions/node/v24.5.0/bin/node">
      <version-cache version="24.5.0" last-modified="1753954837000" />
    </local-interpreter>
    <local-interpreter path="$USER_HOME$/.nvm/versions/node/v22.18.0/bin/node" />
    <local-interpreter path="$USER_HOME$/.nvm/versions/node/v16.20.2/bin/node" />
    <local-interpreter path="$USER_HOME$/.nvm/versions/node/v14.0.0/bin/node" />
  </component>
</application>