<application>
  <component name="ProjectManager">
    <defaultProject>
      <component name="KubernetesApiProvider">{}</component>
      <component name="MaterialThemeProjectNewConfig">
        <option name="metadata">
          <MTProjectMetadataState>
            <option name="migrated" value="true" />
            <option name="pristineConfig" value="false" />
            <option name="userId" value="-3893f576:1987919b304:-7ffe" />
          </MTProjectMetadataState>
        </option>
      </component>
      <component name="PropertiesComponent"><![CDATA[{}]]></component>
    </defaultProject>
  </component>
</application>