<application>
  <component name="Trusted.Paths">
    <option name="TRUSTED_PROJECT_PATHS">
      <map>
        <entry key="$USER_HOME$" value="true" />
        <entry key="$USER_HOME$/Documents" value="true" />
        <entry key="$USER_HOME$/Documents/astrapay/astrapay-spring-boot-external" value="true" />
        <entry key="$USER_HOME$/Documents/astrapay/backend" value="true" />
        <entry key="$USER_HOME$/Documents/astrapay/backend/authentication-service" value="true" />
        <entry key="$USER_HOME$/Documents/astrapay/backend/disbursement-service" value="true" />
        <entry key="$USER_HOME$/Documents/astrapay/backend/loyalty-scheduler" value="true" />
        <entry key="$USER_HOME$/Documents/astrapay/backend/loyalty-service" value="true" />
        <entry key="$USER_HOME$/Documents/astrapay/backend/mitra-service" value="true" />
        <entry key="$USER_HOME$/Documents/astrapay/backend/payment-service" value="true" />
        <entry key="$USER_HOME$/Documents/astrapay/backend/promotion-scheduler" value="true" />
        <entry key="$USER_HOME$/Documents/astrapay/backend/promotion-service" value="true" />
        <entry key="$USER_HOME$/Documents/astrapay/backend/qris-service" value="true" />
        <entry key="$USER_HOME$/Documents/astrapay/backend/user-service" value="true" />
        <entry key="$USER_HOME$/Documents/astrapay/biller-service" value="true" />
        <entry key="$USER_HOME$/Documents/personal/pokemon-service" value="true" />
      </map>
    </option>
  </component>
  <component name="Trusted.Paths.Settings">
    <option name="TRUSTED_PATHS">
      <list>
        <option value="$USER_HOME$" />
      </list>
    </option>
  </component>
</application>