<application>
  <component name="DimensionService">
    <location key="find.popup.0.0.3024.1964@192dpi" x="1036" y="256" />
    <location key="find.popup.0.0.3024.1964@144dpi" x="1016" y="416" />
    <size key="GridCell.Tab.0.left.0.0.3024.1964@192dpi" width="2892" height="494" />
    <size key="GridCell.Tab.0.center.0.0.3024.1964@192dpi" width="2892" height="494" />
    <size key="GridCell.Tab.0.right.0.0.3024.1964@192dpi" width="2892" height="494" />
    <size key="GridCell.Tab.0.bottom.0.0.3024.1964@192dpi" width="2892" height="494" />
    <size key="find.popup.0.0.3024.1964@192dpi" width="1274" height="956" />
    <size key="find.popup.0.0.3024.1964@144dpi" width="1036" height="784" />
    <size key="GridCell.Tab.0.left.0.0.3024.1964@144dpi" width="2924" height="506" />
    <size key="GridCell.Tab.0.center.0.0.3024.1964@144dpi" width="2924" height="506" />
    <size key="GridCell.Tab.0.right.0.0.3024.1964@144dpi" width="2924" height="506" />
    <size key="GridCell.Tab.0.bottom.0.0.3024.1964@144dpi" width="2924" height="506" />
    <size key="GridCell.Tab.1.left.0.0.3024.1964@144dpi" width="2924" height="506" />
    <size key="GridCell.Tab.1.center.0.0.3024.1964@144dpi" width="2924" height="506" />
    <size key="GridCell.Tab.1.right.0.0.3024.1964@144dpi" width="2924" height="506" />
    <size key="GridCell.Tab.1.bottom.0.0.3024.1964@144dpi" width="2924" height="506" />
    <size key="GridCell.Tab.2.left.0.0.3024.1964@144dpi" width="2924" height="506" />
    <size key="GridCell.Tab.2.center.0.0.3024.1964@144dpi" width="2924" height="506" />
    <size key="GridCell.Tab.2.right.0.0.3024.1964@144dpi" width="2924" height="506" />
    <size key="GridCell.Tab.2.bottom.0.0.3024.1964@144dpi" width="2924" height="506" />
    <size key="GridCell.Tab.3.left.0.0.3024.1964@144dpi" width="2924" height="506" />
    <size key="GridCell.Tab.3.center.0.0.3024.1964@144dpi" width="2924" height="506" />
    <size key="GridCell.Tab.3.right.0.0.3024.1964@144dpi" width="2924" height="506" />
    <size key="GridCell.Tab.3.bottom.0.0.3024.1964@144dpi" width="2924" height="506" />
    <size key="GridCell.Tab.4.left.0.0.3024.1964@144dpi" width="2924" height="506" />
    <size key="GridCell.Tab.4.center.0.0.3024.1964@144dpi" width="2924" height="506" />
    <size key="GridCell.Tab.4.right.0.0.3024.1964@144dpi" width="2924" height="506" />
    <size key="GridCell.Tab.4.bottom.0.0.3024.1964@144dpi" width="2924" height="506" />
    <size key="GridCell.Tab.5.left.0.0.3024.1964@144dpi" width="2924" height="506" />
    <size key="GridCell.Tab.5.center.0.0.3024.1964@144dpi" width="2924" height="506" />
    <size key="GridCell.Tab.5.right.0.0.3024.1964@144dpi" width="2924" height="506" />
    <size key="GridCell.Tab.5.bottom.0.0.3024.1964@144dpi" width="2924" height="506" />
  </component>
  <component name="WindowManager">
    <frame x="56" y="54" width="1400" height="846" />
  </component>
  <component name="WindowStateApplicationService">
    <state width="923" height="75" key="ShowUsagesActions.dimensionServiceKey.ideScale=70" timestamp="1759974132556">
      <screen x="0" y="34" width="1512" height="886" />
    </state>
    <state width="923" height="75" key="ShowUsagesActions.dimensionServiceKey.ideScale=70/0.34.1512.886" timestamp="1759974132556" />
    <state width="709" height="696" key="ShowUsagesActions.dimensionServiceKey.ideScale=80" timestamp="1758535157410">
      <screen x="0" y="34" width="1512" height="886" />
    </state>
    <state width="709" height="696" key="ShowUsagesActions.dimensionServiceKey.ideScale=80/0.34.1512.886" timestamp="1758535157410" />
    <state width="571" height="715" key="ShowUsagesActions.dimensionServiceKey.ideScale=80/0.38.1512.885" timestamp="1758159737959" />
    <state width="571" height="479" key="ShowUsagesActions.dimensionServiceKey.ideScale=80/0.38.1512.885/58.-743.1366.743" timestamp="1756777389386" />
    <state width="705" height="122" key="ShowUsagesActions.dimensionServiceKey.ideScale=90" timestamp="1754634895669">
      <screen x="0" y="38" width="1512" height="885" />
    </state>
    <state width="705" height="122" key="ShowUsagesActions.dimensionServiceKey.ideScale=90/0.38.1512.885" timestamp="1754634895669" />
    <state x="756" y="410" width="600" height="488" key="WELCOME_SCREEN.ideScale=70" timestamp="1760021291342">
      <screen x="0" y="34" width="1512" height="886" />
    </state>
    <state x="756" y="410" width="600" height="488" key="WELCOME_SCREEN.ideScale=70/0.34.1512.886" timestamp="1760021291342" />
    <state x="756" y="410" width="600" height="489" key="WELCOME_SCREEN.ideScale=80" timestamp="1758506575397">
      <screen x="0" y="34" width="1512" height="886" />
    </state>
    <state x="756" y="410" width="600" height="489" key="WELCOME_SCREEN.ideScale=80/0.34.1512.886" timestamp="1758506575397" />
    <state x="756" y="414" width="600" height="488" key="WELCOME_SCREEN.ideScale=80/0.38.1512.885" timestamp="1757385280560" />
    <state x="756" y="414" width="600" height="488" key="WELCOME_SCREEN.ideScale=80/0.38.1512.885/58.-743.1366.743" timestamp="1756738803302" />
    <state x="756" y="441" width="800" height="650" key="WELCOME_SCREEN.ideScale=90" timestamp="1754490860900">
      <screen x="0" y="38" width="1512" height="885" />
    </state>
    <state x="756" y="441" width="800" height="650" key="WELCOME_SCREEN.ideScale=90/0.38.1512.885" timestamp="1754490860900" />
  </component>
</application>