<keymap version="1" name="macOS copy" parent="Mac OS X 10.5+">
  <action id="Compare.SameVersion" />
  <action id="CompareTwoFiles" />
  <action id="Console.TableResult.CloneRow" />
  <action id="Console.TableResult.CompareCells" />
  <action id="Diff.ShowDiff" />
  <action id="Diff.ShowSettingsPopup" />
  <action id="DownloadBackendFileToClient" />
  <action id="EditorDuplicate" />
  <action id="EditorRight">
    <keyboard-shortcut first-keystroke="right" />
  </action>
  <action id="FileChooser.GotoDesktop" />
  <action id="Frontend.ChangesView.ShowDiff" />
  <action id="RunDashboard.CopyConfiguration" />
  <action id="SelectAllOccurrences">
    <keyboard-shortcut first-keystroke="shift meta d" />
  </action>
  <action id="SelectNextOccurrence">
    <keyboard-shortcut first-keystroke="meta d" />
  </action>
  <action id="SendEOF" />
  <action id="XDebugger.CopyWatch" />
</keymap>