<keymap version="1" name="VSCode (macOS) copy 1" parent="VSCode OSX">
  <action id="ActivateProjectToolWindow">
    <keyboard-shortcut first-keystroke="meta b" />
  </action>
  <action id="EditorDecreaseFontSize" />
  <action id="EditorDecreaseFontSizeGlobal">
    <keyboard-shortcut first-keystroke="meta minus" />
  </action>
  <action id="EditorDuplicate">
    <keyboard-shortcut first-keystroke="shift alt down" />
    <keyboard-shortcut first-keystroke="shift alt up" />
  </action>
  <action id="EditorIncreaseFontSize" />
  <action id="EditorIncreaseFontSizeGlobal">
    <keyboard-shortcut first-keystroke="meta equals" />
  </action>
  <action id="EditorPageDownWithSelection">
    <keyboard-shortcut first-keystroke="shift page_down" />
    <keyboard-shortcut first-keystroke="shift meta down" />
  </action>
  <action id="EditorPageUpWithSelection">
    <keyboard-shortcut first-keystroke="shift page_up" />
    <keyboard-shortcut first-keystroke="shift meta up" />
  </action>
  <action id="FileStructurePopup">
    <keyboard-shortcut first-keystroke="shift meta o" />
  </action>
  <action id="HideSideWindows" />
  <action id="List-selectFirstRowExtendSelection" />
  <action id="OptimizeImports">
    <keyboard-shortcut first-keystroke="meta alt o" />
  </action>
  <action id="ReformatCode">
    <keyboard-shortcut first-keystroke="meta alt l" />
  </action>
  <action id="ToggleInlayHintsGloballyAction">
    <keyboard-shortcut first-keystroke="shift meta alt period" />
  </action>
  <action id="org.intellij.plugins.markdown.ui.actions.styling.ToggleBoldAction" />
</keymap>